,residu,accessibility
0,CYS,85.8060560779611
1,GLU,121.76196716676702
2,HIS,145.19569504062787
3,ARG,186.48508603882087
4,TRP,202.18030416788318
5,CYS,81.60994366037775
6,LYS,186.11280702091324
7,PRO,121.02496060911359
8,VAL,101.40344872323442
