,residu,accessibility
0,CYS,85.25754999949581
1,GLU,120.72766779053708
2,HIS,144.62439915434393
3,ARG,184.33116574997655
4,TRP,200.03614448781937
5,CYS,80.82484806428701
6,LYS,183.349323484762
7,PRO,119.65465193314948
8,VAL,100.30620481470899
