,residu,accessibility
0,CYS,88.28588656941206
1,GLU,119.78236991150183
2,HIS,151.48382649519695
3,ARG,189.1112735601626
4,TRP,209.40885153077687
5,CYS,86.35799013734409
6,LYS,187.9408900974341
7,PRO,124.33783282780634
8,VAL,108.03184038129106
