,residu,accessibility
0,GLY,34.95839278903544
1,ILE,68.2377905484533
2,VAL,64.23933289938408
3,GLU,70.63364187236417
4,GLN,66.06648776493996
5,CYS,109.9578309435422
6,THR,57.542222230426155
7,SER,46.92258101475401
8,ILE,56.927529473586965
9,CYS,51.51738616753065
10,SER,41.35081176021647
11,LEU,64.70775997660486
12,TYR,129.09209874139768
13,GLN,70.28625813882714
14,LEU,72.3724894798463
15,GLU,75.11661336775164
16,ASN,75.95203752496805
17,TYR,99.27209667005064
18,CYS,54.37083146575811
19,ASN,79.77888514113458
20,PHE,91.28828194016735
21,VAL,64.73283097800118
22,ASN,70.97862198392437
23,GLN,78.18246603370736
24,HIS,92.01538267619725
25,LEU,72.91334564948727
26,CYS,53.37513357483466
27,GLY,40.19076805346601
28,SER,57.56644477468053
29,HIS,71.47009798496725
30,LEU,67.71949891396804
31,VAL,64.2573120677646
32,GLU,80.44630999816977
33,ALA,39.431869853721125
34,LEU,65.57071051420668
35,TYR,110.48802381853693
36,LEU,67.76453977296846
37,VAL,56.324194126370315
38,CYS,49.521283069269685
39,GLY,36.591732078552056
40,GLU,64.97140928350977
41,ARG,95.3619076189037
42,GLY,37.29201866855696
43,PHE,194.404780117581
44,TYR,96.86021791370482
45,THR,54.680059340074685
46,PRO,51.087554160374005
47,LYS,62.86213119262917
48,ALA,50.7756925988575
